name,fe7face,notes
Eliwood,02,
Hector,0C,
Lyn,16,
Raven,23,
Geitz,24,
Guy,2C,
Karel,26,
Dorcas,27,
Bartre,28,
Oswin,29,
Wil,2B,
Rebecca,48,
Louise,3B,
Lucius,3D,
Serra,3E,
Renault,45,
Erk,38,
Nino,39,
Pent,3A,
Canas,3C,
Kent,2F,
Sain,30,
Lowen,31,
Marcus,32,
Priscilla,3F,
Rath,2E,
Florina,33,
Fiora,35,
Farina,40,
Heath,36,
Vaida,37,
Hawkeye,1F,
Matthew,20,
Jaffar,21,
Ninian,1C,
Nils,41,
Athos,1B,
Merlinus,4A,
Wallace,49,
Dart,2A,
Isadora,46,
Legault,25,
Karla,2D,
Harken,47,
Uther,4E,echo
Elbert,4F,echo
Leila,57,echo
Nergal,61,echo
Zephiel,51,cameo
Eleanora,4C,cameo
